<?xml version="1.0" encoding="UTF-8"?>
<assembly xmlns="http://maven.apache.org/ASSEMBLY/2.1.0"
	xmlns:xsi="http://www.w3.org/2001/XMLSchema-instance"
	xsi:schemaLocation="http://maven.apache.org/ASSEMBLY/2.1.0 http://maven.apache.org/xsd/assembly-2.1.0.xsd">
	<includeBaseDirectory>true</includeBaseDirectory>
	<id>src</id>
	<formats>
		<format>zip</format>
	</formats>
	<files>
		<file>
			<source>pom.xml</source>
		</file>
		<file>
			<source>pom.xml</source>
		</file>
	</files>
	<fileSets>
		<fileSet>
			<directory>src</directory>
		</fileSet>
		<fileSet>
			<directory>test</directory>
		</fileSet>
	</fileSets>
</assembly>